timeStamp,elapsed,label,responseCode,responseMessage,threadName,dataType,success,failureMessage,bytes,sentBytes,grpThreads,allThreads,Latency,IdleTime,Connect
1524608813283,154,HTTP Request,200,OK,Thread Group 1-3,text,true,,11450,15644,221,221,154,0,0
1524608813285,152,HTTP Request,200,OK,Thread Group 1-4,text,true,,11450,15641,221,221,152,0,0
1524608813279,159,HTTP Request,200,OK,Thread Group 1-1,text,true,,11450,15626,221,221,159,0,1
1524608813281,157,HTTP Request,200,OK,Thread Group 1-2,text,true,,11450,15626,221,221,157,0,0
1524608813287,151,HTTP Request,200,OK,Thread Group 1-5,text,true,,11450,15635,221,221,150,0,0
1524608813300,171,HTTP Request,200,OK,Thread Group 1-11,text,true,,11450,15629,233,233,171,0,0
1524608813291,198,HTTP Request,200,OK,Thread Group 1-7,text,true,,11450,15635,240,240,198,0,1
1524608813298,193,HTTP Request,200,OK,Thread Group 1-10,text,true,,11450,15623,239,239,193,0,1
1524608813289,213,HTTP Request,200,OK,Thread Group 1-6,text,true,,11450,15644,245,245,213,0,0
1524608813297,214,HTTP Request,200,OK,Thread Group 1-9,text,true,,11450,15626,248,248,214,0,0
1524608813313,209,HTTP Request,200,OK,Thread Group 1-17,text,true,,11450,15632,253,253,209,0,1
1524608813293,241,HTTP Request,200,OK,Thread Group 1-8,text,true,,11450,15647,258,258,241,0,0
1524608813303,243,HTTP Request,200,OK,Thread Group 1-13,text,true,,11450,15620,263,263,243,0,0
1524608813309,247,HTTP Request,200,OK,Thread Group 1-15,text,true,,11450,15638,267,267,247,0,1
1524608813311,257,HTTP Request,200,OK,Thread Group 1-16,text,true,,11450,15620,272,272,257,0,1
1524608813305,275,HTTP Request,200,OK,Thread Group 1-14,text,true,,11450,15635,277,277,275,0,1
1524608813323,279,HTTP Request,200,OK,Thread Group 1-21,text,true,,11450,15623,287,287,279,0,1
1524608813315,297,HTTP Request,200,OK,Thread Group 1-18,text,true,,11450,15641,290,290,297,0,0
1524608813319,307,HTTP Request,200,OK,Thread Group 1-20,text,true,,11450,15647,296,296,307,0,0
1524608813326,311,HTTP Request,200,OK,Thread Group 1-24,text,true,,11450,15617,300,300,311,0,1
1524608813317,329,HTTP Request,200,OK,Thread Group 1-19,text,true,,11450,15623,303,303,329,0,1
1524608813324,329,HTTP Request,200,OK,Thread Group 1-22,text,true,,11450,15632,306,306,329,0,1
1524608813301,378,HTTP Request,200,OK,Thread Group 1-12,text,true,,11450,15647,318,318,378,0,0
1524608813338,347,HTTP Request,200,OK,Thread Group 1-30,text,true,,11450,15635,320,320,347,0,1
1524608813335,353,HTTP Request,200,OK,Thread Group 1-27,text,true,,11450,15626,321,321,353,0,1
1524608813337,382,HTTP Request,200,OK,Thread Group 1-28,text,true,,11450,15641,337,337,382,0,0
1524608813340,392,HTTP Request,200,OK,Thread Group 1-29,text,true,,11450,15623,341,341,392,0,1
1524608813328,408,HTTP Request,200,OK,Thread Group 1-25,text,true,,11450,15626,341,341,408,0,0
1524608813349,396,HTTP Request,200,OK,Thread Group 1-33,text,true,,11450,15641,345,345,396,0,0
1524608813352,402,HTTP Request,200,OK,Thread Group 1-34,text,true,,11450,15629,349,349,402,0,1
1524608813331,451,HTTP Request,200,OK,Thread Group 1-26,text,true,,11450,15626,361,361,451,0,1
1524608813341,446,HTTP Request,200,OK,Thread Group 1-31,text,true,,11450,15629,362,362,446,0,0
1524608813358,429,HTTP Request,200,OK,Thread Group 1-39,text,true,,11450,15632,362,362,429,0,0
1524608813352,446,HTTP Request,200,OK,Thread Group 1-36,text,true,,11450,15617,365,365,446,0,1
1524608813363,447,HTTP Request,200,OK,Thread Group 1-40,text,true,,11450,15647,370,370,447,0,1
1524608813327,488,HTTP Request,200,OK,Thread Group 1-23,text,true,,11450,15635,371,371,488,0,1
1524608813373,464,HTTP Request,200,OK,Thread Group 1-45,text,true,,11450,15647,381,381,463,0,1
1524608813342,501,HTTP Request,200,OK,Thread Group 1-32,text,true,,11450,15641,384,384,501,0,0
1524608813376,470,HTTP Request,200,OK,Thread Group 1-48,text,true,,11450,15641,384,384,470,0,1
1524608813354,493,HTTP Request,200,OK,Thread Group 1-37,text,true,,11450,15629,384,384,493,0,0
1524608813364,501,HTTP Request,200,OK,Thread Group 1-42,text,true,,11450,15626,391,391,501,0,0
1524608813377,504,HTTP Request,200,OK,Thread Group 1-46,text,true,,11450,15644,398,398,504,0,1
1524608813386,495,HTTP Request,200,OK,Thread Group 1-53,text,true,,11450,15623,397,397,495,0,0
1524608813356,537,HTTP Request,200,OK,Thread Group 1-38,text,true,,11450,15632,402,402,537,0,1
1524608813382,520,HTTP Request,200,OK,Thread Group 1-51,text,true,,11450,15644,405,405,520,0,1
1524608813387,518,HTTP Request,200,OK,Thread Group 1-52,text,true,,11450,15635,406,406,518,0,0
1524608813378,554,HTTP Request,200,OK,Thread Group 1-49,text,true,,11450,15638,418,418,554,0,0
1524608813396,536,HTTP Request,200,OK,Thread Group 1-58,text,true,,11450,15644,418,418,536,0,1
1524608813377,556,HTTP Request,200,OK,Thread Group 1-47,text,true,,11450,15632,416,416,556,0,1
1524608813394,543,HTTP Request,200,OK,Thread Group 1-57,text,true,,11450,15647,417,417,543,0,1
1524608813353,593,HTTP Request,200,OK,Thread Group 1-35,text,true,,11450,15620,420,420,592,0,0
1524608813392,574,HTTP Request,200,OK,Thread Group 1-56,text,true,,11450,15644,430,430,574,0,0
1524608813408,567,HTTP Request,200,OK,Thread Group 1-63,text,true,,11450,15641,433,433,567,0,1
1524608813412,563,HTTP Request,200,OK,Thread Group 1-66,text,true,,11450,15638,433,433,563,0,1
1524608813412,565,HTTP Request,200,OK,Thread Group 1-65,text,true,,11450,15641,432,432,565,0,2
1524608813364,632,HTTP Request,200,OK,Thread Group 1-41,text,true,,11450,15620,440,440,632,0,1
1524608813366,630,HTTP Request,200,OK,Thread Group 1-43,text,true,,11450,15638,440,440,630,0,1
1524608813399,609,HTTP Request,200,OK,Thread Group 1-60,text,true,,11450,15617,443,443,609,0,1
1524608813419,590,HTTP Request,200,OK,Thread Group 1-69,text,true,,11450,15620,442,442,590,0,1
1524608813381,634,HTTP Request,200,OK,Thread Group 1-50,text,true,,11450,15644,441,441,634,0,1
1524608813422,594,HTTP Request,200,OK,Thread Group 1-70,text,true,,11450,15641,440,440,594,0,1
1524608813389,645,HTTP Request,200,OK,Thread Group 1-54,text,true,,11450,15647,439,439,645,0,1
1524608813401,637,HTTP Request,200,OK,Thread Group 1-61,text,true,,11450,15638,438,438,637,0,0
1524608813424,615,HTTP Request,200,OK,Thread Group 1-71,text,true,,11450,15647,437,437,615,0,1
1524608813368,685,HTTP Request,200,OK,Thread Group 1-44,text,true,,11450,15635,436,436,685,0,1
1524608813432,621,HTTP Request,200,OK,Thread Group 1-75,text,true,,11450,15617,435,435,621,0,1
1524608813434,619,HTTP Request,200,OK,Thread Group 1-76,text,true,,11450,15635,435,435,619,0,1
1524608813436,632,HTTP Request,200,OK,Thread Group 1-77,text,true,,11450,15629,433,433,632,0,0
1524608813446,640,HTTP Request,200,OK,Thread Group 1-82,text,true,,11450,15647,432,432,640,0,1
1524608813449,649,HTTP Request,200,OK,Thread Group 1-84,text,true,,11450,15617,431,431,649,0,1
1524608813416,692,HTTP Request,200,OK,Thread Group 1-64,text,true,,11450,15626,430,430,692,0,1
1524608813424,685,HTTP Request,200,OK,Thread Group 1-72,text,true,,11450,15638,429,429,685,0,1
1524608813460,655,HTTP Request,200,OK,Thread Group 1-88,text,true,,11450,15629,428,428,655,0,1
1524608813444,675,HTTP Request,200,OK,Thread Group 1-81,text,true,,11450,15647,427,427,675,0,1
1524608813428,700,HTTP Request,200,OK,Thread Group 1-74,text,true,,11450,15629,426,426,700,0,1
1524608813461,669,HTTP Request,200,OK,Thread Group 1-90,text,true,,11450,15632,425,425,669,0,1
1524608813458,692,HTTP Request,200,OK,Thread Group 1-87,text,true,,11450,15617,424,424,692,0,1
1524608813390,761,HTTP Request,200,OK,Thread Group 1-55,text,true,,11450,15623,423,423,761,0,1
1524608813472,687,HTTP Request,200,OK,Thread Group 1-96,text,true,,11450,15641,422,422,687,0,1
1524608813473,689,HTTP Request,200,OK,Thread Group 1-93,text,true,,11450,15635,421,421,689,0,1
1524608813404,765,HTTP Request,200,OK,Thread Group 1-62,text,true,,11450,15626,420,420,765,0,1
1524608813400,770,HTTP Request,200,OK,Thread Group 1-59,text,true,,70,15641,419,419,770,0,1
1524608813470,716,HTTP Request,200,OK,Thread Group 1-94,text,true,,11450,15644,418,418,716,0,2
1524608813485,707,HTTP Request,200,OK,Thread Group 1-100,text,true,,11450,15635,417,417,707,0,1
1524608813450,748,HTTP Request,200,OK,Thread Group 1-85,text,true,,11450,15626,416,416,748,0,1
1524608813416,789,HTTP Request,200,OK,Thread Group 1-68,text,true,,11450,15629,415,415,789,0,1
1524608813486,726,HTTP Request,200,OK,Thread Group 1-102,text,true,,11450,15647,414,414,726,0,1
1524608813414,805,HTTP Request,200,OK,Thread Group 1-67,text,true,,11450,15644,413,413,805,0,1
1524608813484,736,HTTP Request,200,OK,Thread Group 1-99,text,true,,11450,15638,412,412,736,0,1
1524608813498,730,HTTP Request,200,OK,Thread Group 1-108,text,true,,11450,15620,411,411,730,0,1
1524608813465,771,HTTP Request,200,OK,Thread Group 1-92,text,true,,11450,15644,410,410,771,0,1
1524608813441,795,HTTP Request,200,OK,Thread Group 1-80,text,true,,11450,15638,410,410,795,0,1
1524608813498,752,HTTP Request,200,OK,Thread Group 1-105,text,true,,11450,15629,408,408,752,0,1
1524608813499,752,HTTP Request,200,OK,Thread Group 1-107,text,true,,11450,15617,407,407,752,0,1
1524608813474,785,HTTP Request,200,OK,Thread Group 1-97,text,true,,11450,15629,406,406,785,0,1
1524608813510,753,HTTP Request,200,OK,Thread Group 1-114,text,true,,11450,15647,405,405,753,0,1
1524608813426,851,HTTP Request,200,OK,Thread Group 1-73,text,true,,11450,15632,404,404,851,0,1
1524608813507,774,HTTP Request,200,OK,Thread Group 1-111,text,true,,11450,15623,403,403,774,0,1
1524608813477,809,HTTP Request,200,OK,Thread Group 1-95,text,true,,11450,15638,402,402,809,0,1
1524608813488,803,HTTP Request,200,OK,Thread Group 1-103,text,true,,11450,15620,401,401,803,0,1
1524608813524,768,HTTP Request,200,OK,Thread Group 1-117,text,true,,11450,15638,400,400,768,0,1
1524608813512,780,HTTP Request,200,OK,Thread Group 1-115,text,true,,11450,15647,400,400,780,0,1
1524608813439,872,HTTP Request,200,OK,Thread Group 1-79,text,true,,11450,15617,398,398,872,0,1
1524608813522,793,HTTP Request,200,OK,Thread Group 1-120,text,true,,11450,15626,397,397,793,0,1
1524608813525,797,HTTP Request,200,OK,Thread Group 1-121,text,true,,11450,15629,396,396,796,0,0
1524608813532,797,HTTP Request,200,OK,Thread Group 1-125,text,true,,11450,15638,395,395,797,0,0
1524608813490,843,HTTP Request,200,OK,Thread Group 1-104,text,true,,11450,15635,394,394,843,0,1
1524608813500,837,HTTP Request,200,OK,Thread Group 1-109,text,true,,11450,15629,393,393,837,0,1
1524608813476,873,HTTP Request,200,OK,Thread Group 1-98,text,true,,11450,15635,392,392,873,0,1
1524608813528,822,HTTP Request,200,OK,Thread Group 1-123,text,true,,11450,15635,391,391,822,0,1
1524608813534,817,HTTP Request,200,OK,Thread Group 1-126,text,true,,11450,15641,390,390,817,0,0
1524608813547,814,HTTP Request,200,OK,Thread Group 1-132,text,true,,11450,15638,389,389,814,0,0
1524608813465,904,HTTP Request,200,OK,Thread Group 1-89,text,true,,11450,15626,388,388,904,0,1
1524608813462,907,HTTP Request,200,OK,Thread Group 1-91,text,true,,11450,15635,388,388,907,0,1
1524608813545,833,HTTP Request,200,OK,Thread Group 1-129,text,true,,11450,15635,386,386,833,0,1
1524608813548,833,HTTP Request,200,OK,Thread Group 1-130,text,true,,11450,15629,385,385,833,0,1
1524608813514,878,HTTP Request,200,OK,Thread Group 1-113,text,true,,11450,15626,384,384,878,0,1
1524608813562,835,HTTP Request,200,OK,Thread Group 1-131,text,true,,11450,15641,383,383,835,0,1
1524608813563,839,HTTP Request,200,OK,Thread Group 1-140,text,true,,11450,15641,382,382,839,0,0
1524608813453,950,HTTP Request,200,OK,Thread Group 1-86,text,true,,11450,15647,381,381,950,0,1
1524608813561,842,HTTP Request,200,OK,Thread Group 1-139,text,true,,11450,15641,380,380,842,0,1
1524608813436,975,HTTP Request,200,OK,Thread Group 1-78,text,true,,11450,15623,379,379,975,0,1
1524608813572,856,HTTP Request,200,OK,Thread Group 1-144,text,true,,11450,15617,378,378,856,0,0
1524608813571,859,HTTP Request,200,OK,Thread Group 1-137,text,true,,11450,15647,377,377,859,0,1
1524608813574,857,HTTP Request,200,OK,Thread Group 1-145,text,true,,11450,15620,376,376,857,0,1
1524608813501,935,HTTP Request,200,OK,Thread Group 1-106,text,true,,11450,15632,375,375,935,0,0
1524608813502,943,HTTP Request,200,OK,Thread Group 1-110,text,true,,11450,15617,374,374,943,0,1
1524608813449,1000,HTTP Request,200,OK,Thread Group 1-83,text,true,,11450,15623,373,373,1000,0,1
1524608813586,871,HTTP Request,200,OK,Thread Group 1-151,text,true,,11450,15641,372,372,871,0,1
1524608813588,876,HTTP Request,200,OK,Thread Group 1-150,text,true,,11450,15641,371,371,876,0,1
1524608813589,888,HTTP Request,200,OK,Thread Group 1-152,text,true,,11450,15638,370,370,888,0,1
1524608813526,951,HTTP Request,200,OK,Thread Group 1-119,text,true,,11450,15620,370,370,951,0,0
1524608813569,913,HTTP Request,200,OK,Thread Group 1-141,text,true,,11450,15626,368,368,913,0,3
1524608813590,900,HTTP Request,200,OK,Thread Group 1-147,text,true,,11450,15641,367,367,900,0,1
1524608813596,898,HTTP Request,200,OK,Thread Group 1-154,text,true,,11450,15617,366,366,898,0,1
1524608813596,898,HTTP Request,200,OK,Thread Group 1-156,text,true,,11450,15641,365,365,898,0,1
1524608813600,907,HTTP Request,200,OK,Thread Group 1-158,text,true,,11450,15629,364,364,907,0,1
1524608813559,959,HTTP Request,200,OK,Thread Group 1-138,text,true,,11450,15623,363,363,959,0,0
1524608813488,1033,HTTP Request,200,OK,Thread Group 1-101,text,true,,11450,15623,362,362,1033,0,1
1524608813610,914,HTTP Request,200,OK,Thread Group 1-162,text,true,,11450,15638,361,361,914,0,1
1524608813613,914,HTTP Request,200,OK,Thread Group 1-163,text,true,,11450,15617,360,360,914,0,0
1524608813526,1009,HTTP Request,200,OK,Thread Group 1-118,text,true,,11450,15617,359,359,1009,0,0
1524608813614,926,HTTP Request,200,OK,Thread Group 1-159,text,true,,11450,15632,358,358,926,0,1
1524608813622,933,HTTP Request,200,OK,Thread Group 1-169,text,true,,11450,15620,357,357,933,0,1
1524608813526,1030,HTTP Request,200,OK,Thread Group 1-122,text,true,,11450,15644,356,356,1030,0,1
1524608813536,1027,HTTP Request,200,OK,Thread Group 1-127,text,true,,11450,15623,355,355,1027,0,1
1524608813623,940,HTTP Request,200,OK,Thread Group 1-168,text,true,,11450,15644,355,355,940,0,1
1524608813628,948,HTTP Request,200,OK,Thread Group 1-170,text,true,,11450,15647,353,353,947,0,0
1524608813549,1028,HTTP Request,200,OK,Thread Group 1-133,text,true,,11450,15638,352,352,1028,0,0
1524608813636,953,HTTP Request,200,OK,Thread Group 1-174,text,true,,11450,15626,351,351,953,0,0
1524608813538,1062,HTTP Request,200,OK,Thread Group 1-128,text,true,,11450,15623,350,350,1062,0,1
1524608813638,969,HTTP Request,200,OK,Thread Group 1-176,text,true,,11450,15629,349,349,969,0,1
1524608813605,1006,HTTP Request,200,OK,Thread Group 1-153,text,true,,11450,15644,348,348,1006,0,1
1524608813633,978,HTTP Request,200,OK,Thread Group 1-167,text,true,,11450,15635,347,347,978,0,2
1524608813576,1039,HTTP Request,200,OK,Thread Group 1-146,text,true,,11450,15635,346,346,1039,0,1
1524608813644,973,HTTP Request,200,OK,Thread Group 1-173,text,true,,11450,15623,345,345,973,0,3
1524608813645,989,HTTP Request,200,OK,Thread Group 1-181,text,true,,11450,15623,344,344,989,0,1
1524608813662,982,HTTP Request,200,OK,Thread Group 1-187,text,true,,11450,15641,343,343,982,0,1
1524608813660,997,HTTP Request,200,OK,Thread Group 1-179,text,true,,11450,15626,342,342,997,0,1
1524608813650,1008,HTTP Request,200,OK,Thread Group 1-182,text,true,,11450,15617,341,341,1008,0,1
1524608813515,1155,HTTP Request,200,OK,Thread Group 1-116,text,true,,11450,15641,340,340,1155,0,1
1524608813590,1087,HTTP Request,200,OK,Thread Group 1-148,text,true,,11450,15629,339,339,1087,0,1
1524608813535,1144,HTTP Request,200,OK,Thread Group 1-124,text,true,,11450,15632,338,338,1144,0,0
1524608813673,1018,HTTP Request,200,OK,Thread Group 1-194,text,true,,11450,15620,337,337,1018,0,1
1524608813672,1025,HTTP Request,200,OK,Thread Group 1-192,text,true,,11450,15617,336,336,1025,0,0
1524608813662,1038,HTTP Request,200,OK,Thread Group 1-188,text,true,,11450,15623,335,335,1038,0,1
1524608813564,1142,HTTP Request,200,OK,Thread Group 1-136,text,true,,11450,15629,334,334,1142,0,1
1524608813585,1126,HTTP Request,200,OK,Thread Group 1-143,text,true,,11450,15638,333,333,1126,0,0
1524608813581,1139,HTTP Request,200,OK,Thread Group 1-142,text,true,,11450,15641,332,332,1139,0,3
1524608813673,1054,HTTP Request,200,OK,Thread Group 1-193,text,true,,11450,15638,331,331,1054,0,1
1524608813683,1054,HTTP Request,200,OK,Thread Group 1-198,text,true,,11450,15617,330,330,1054,0,1
1524608813513,1225,HTTP Request,200,OK,Thread Group 1-112,text,true,,11450,15617,329,329,1225,0,1
1524608813682,1058,HTTP Request,200,OK,Thread Group 1-199,text,true,,11450,15632,328,328,1058,0,1
1524608813656,1096,HTTP Request,200,OK,Thread Group 1-178,text,true,,11450,15629,327,327,1096,0,3
1524608813550,1209,HTTP Request,200,OK,Thread Group 1-134,text,true,,11450,15644,326,326,1209,0,0
1524608813688,1072,HTTP Request,200,OK,Thread Group 1-200,text,true,,11450,15623,325,325,1072,0,1
1524608813695,1087,HTTP Request,200,OK,Thread Group 1-197,text,true,,11450,15632,324,324,1087,0,0
1524608813644,1143,HTTP Request,200,OK,Thread Group 1-180,text,true,,11450,15635,323,323,1143,0,1
1524608813628,1159,HTTP Request,200,OK,Thread Group 1-165,text,true,,11450,15641,323,323,1159,0,0
1524608813696,1091,HTTP Request,200,OK,Thread Group 1-204,text,true,,11450,15620,321,321,1091,0,1
1524608813565,1222,HTTP Request,200,OK,Thread Group 1-135,text,true,,11450,15638,321,321,1222,0,1
1524608813698,1100,HTTP Request,200,OK,Thread Group 1-205,text,true,,11450,15626,319,319,1100,0,1
1524608813670,1146,HTTP Request,200,OK,Thread Group 1-185,text,true,,11450,15632,318,318,1146,0,1
1524608813708,1110,HTTP Request,200,OK,Thread Group 1-210,text,true,,11450,15617,317,317,1110,0,1
1524608813710,1111,HTTP Request,200,OK,Thread Group 1-211,text,true,,11450,15632,316,316,1111,0,1
1524608813712,1114,HTTP Request,200,OK,Thread Group 1-212,text,true,,11450,15617,315,315,1114,0,1
1524608813630,1196,HTTP Request,200,OK,Thread Group 1-166,text,true,,11450,15623,315,315,1196,0,1
1524608813641,1191,HTTP Request,200,OK,Thread Group 1-171,text,true,,11450,15638,313,313,1191,0,2
1524608813618,1232,HTTP Request,200,OK,Thread Group 1-161,text,true,,11450,15641,312,312,1232,0,1
1524608813718,1132,HTTP Request,200,OK,Thread Group 1-209,text,true,,11450,15617,311,311,1132,0,1
1524608813722,1129,HTTP Request,200,OK,Thread Group 1-217,text,true,,11450,15638,310,310,1129,0,1
1524608813616,1238,HTTP Request,200,OK,Thread Group 1-160,text,true,,11450,15623,309,309,1238,0,1
1524608813725,1137,HTTP Request,200,OK,Thread Group 1-218,text,true,,11450,15644,308,308,1137,0,0
1524608813665,1200,HTTP Request,200,OK,Thread Group 1-183,text,true,,11450,15641,307,307,1200,0,1
1524608813730,1148,HTTP Request,200,OK,Thread Group 1-215,text,true,,11450,15641,306,306,1148,0,1
1524608813736,1143,HTTP Request,200,OK,Thread Group 1-224,text,true,,11450,15620,305,305,1143,0,1
1524608813667,1212,HTTP Request,200,OK,Thread Group 1-184,text,true,,11450,15629,305,305,1212,0,1
1524608813734,1151,HTTP Request,200,OK,Thread Group 1-223,text,true,,11450,15644,303,303,1151,0,1
1524608813633,1252,HTTP Request,200,OK,Thread Group 1-175,text,true,,11450,15623,302,302,1252,0,1
1524608813677,1215,HTTP Request,200,OK,Thread Group 1-189,text,true,,11450,15635,301,301,1215,0,1
1524608813702,1203,HTTP Request,200,OK,Thread Group 1-201,text,true,,11450,15623,300,300,1203,0,1
1524608813594,1322,HTTP Request,200,OK,Thread Group 1-149,text,true,,11450,15647,299,299,1322,0,1
1524608813744,1173,HTTP Request,200,OK,Thread Group 1-228,text,true,,11450,15626,298,298,1173,0,1
1524608813748,1170,HTTP Request,200,OK,Thread Group 1-230,text,true,,11450,15635,297,297,1170,0,1
1524608813747,1172,HTTP Request,200,OK,Thread Group 1-229,text,true,,11450,15647,296,296,1172,0,0
1524608813689,1231,HTTP Request,200,OK,Thread Group 1-195,text,true,,11450,15632,295,295,1231,0,1
1524608813691,1243,HTTP Request,200,OK,Thread Group 1-196,text,true,,11450,15647,294,294,1243,0,1
1524608813607,1336,HTTP Request,200,OK,Thread Group 1-155,text,true,,11450,15641,293,293,1336,0,0
1524608813760,1183,HTTP Request,200,OK,Thread Group 1-236,text,true,,11450,15620,293,293,1183,0,0
1524608813756,1192,HTTP Request,200,OK,Thread Group 1-235,text,true,,11450,15617,291,291,1192,0,1
1524608813756,1193,HTTP Request,200,OK,Thread Group 1-234,text,true,,11450,15626,290,290,1193,0,1
1524608813654,1297,HTTP Request,200,OK,Thread Group 1-177,text,true,,11450,15644,289,289,1297,0,5
1524608813679,1285,HTTP Request,200,OK,Thread Group 1-190,text,true,,11450,15647,288,288,1285,0,1
1524608813681,1289,HTTP Request,200,OK,Thread Group 1-191,text,true,,11450,15632,287,287,1289,0,1
1524608813769,1207,HTTP Request,200,OK,Thread Group 1-240,text,true,,11450,15641,286,286,1207,0,0
1524608813772,1207,HTTP Request,200,OK,Thread Group 1-242,text,true,,11450,15617,285,285,1206,0,0
1524608813770,1213,HTTP Request,200,OK,Thread Group 1-241,text,true,,11450,15641,284,284,1213,0,0
1524608813601,1382,HTTP Request,200,OK,Thread Group 1-157,text,true,,11450,15632,284,284,1382,0,1
1524608813643,1348,HTTP Request,200,OK,Thread Group 1-172,text,true,,11450,15626,282,282,1348,0,0
1524608813703,1306,HTTP Request,200,OK,Thread Group 1-202,text,true,,11450,15635,281,281,1306,0,1
1524608814067,949,HTTP Request,200,OK,Thread Group 1-386,text,true,,11450,15620,280,280,949,0,0
1524608814064,956,HTTP Request,200,OK,Thread Group 1-385,text,true,,11450,15647,279,279,956,0,1
1524608813615,1405,HTTP Request,200,OK,Thread Group 1-164,text,true,,11450,15629,278,278,1405,0,1
1524608813658,1368,HTTP Request,200,OK,Thread Group 1-186,text,true,,11450,15641,277,277,1368,0,1
1524608814062,964,HTTP Request,200,OK,Thread Group 1-384,text,true,,11450,15635,277,277,964,0,1
1524608813755,1286,HTTP Request,200,OK,Thread Group 1-227,text,true,,11450,15623,275,275,1286,0,0
1524608814076,971,HTTP Request,200,OK,Thread Group 1-391,text,true,,11450,15626,274,274,971,0,1
1524608814078,973,HTTP Request,200,OK,Thread Group 1-392,text,true,,11450,15647,273,273,973,0,1
1524608813700,1353,HTTP Request,200,OK,Thread Group 1-206,text,true,,11450,15626,272,272,1353,0,1
1524608814074,981,HTTP Request,200,OK,Thread Group 1-390,text,true,,11450,15623,271,271,981,0,1
1524608813728,1340,HTTP Request,200,OK,Thread Group 1-214,text,true,,11450,15638,270,270,1340,0,0
1524608814088,988,HTTP Request,200,OK,Thread Group 1-397,text,true,,11450,15620,269,269,988,0,1
1524608814090,994,HTTP Request,200,OK,Thread Group 1-398,text,true,,11450,15629,268,268,994,0,1
1524608813743,1348,HTTP Request,200,OK,Thread Group 1-221,text,true,,11450,15641,267,267,1348,0,0
1524608814086,1015,HTTP Request,200,OK,Thread Group 1-396,text,true,,11450,15626,266,266,1015,0,1
1524608813717,1389,HTTP Request,200,OK,Thread Group 1-208,text,true,,11450,15623,265,265,1389,0,0
1524608813775,1340,HTTP Request,200,OK,Thread Group 1-237,text,true,,11450,15635,264,264,1340,0,0
1524608814103,1013,HTTP Request,200,OK,Thread Group 1-404,text,true,,11450,15644,263,263,1013,0,1
1524608814100,1019,HTTP Request,200,OK,Thread Group 1-403,text,true,,11450,15626,262,262,1019,0,1
1524608813718,1409,HTTP Request,200,OK,Thread Group 1-216,text,true,,11450,15626,261,261,1409,0,1
1524608814098,1037,HTTP Request,200,OK,Thread Group 1-402,text,true,,11450,15638,260,260,1037,0,1
1524608813765,1383,HTTP Request,200,OK,Thread Group 1-232,text,true,,11450,15617,259,259,1383,0,1
1524608813725,1428,HTTP Request,200,OK,Thread Group 1-213,text,true,,11450,15626,258,258,1428,0,1
1524608814115,1046,HTTP Request,200,OK,Thread Group 1-410,text,true,,11450,15638,257,257,1046,0,1
1524608814113,1050,HTTP Request,200,OK,Thread Group 1-409,text,true,,11450,15623,256,256,1050,0,1
1524608813731,1433,HTTP Request,200,OK,Thread Group 1-222,text,true,,11450,15629,255,255,1433,0,0
1524608814110,1059,HTTP Request,200,OK,Thread Group 1-408,text,true,,11450,15626,254,254,1059,0,1
1524608813777,1402,HTTP Request,200,OK,Thread Group 1-238,text,true,,11450,15641,253,253,1402,0,1
1524608813750,1438,HTTP Request,200,OK,Thread Group 1-225,text,true,,11450,15623,252,252,1438,0,1
1524608813695,1498,HTTP Request,200,OK,Thread Group 1-203,text,true,,11450,15632,251,251,1498,0,0
1524608814127,1067,HTTP Request,200,OK,Thread Group 1-416,text,true,,11450,15641,250,250,1067,0,1
1524608814126,1070,HTTP Request,200,OK,Thread Group 1-415,text,true,,11450,15647,249,249,1069,0,0
1524608813752,1458,HTTP Request,200,OK,Thread Group 1-226,text,true,,11450,15641,248,248,1458,0,1
1524608814123,1091,HTTP Request,200,OK,Thread Group 1-414,text,true,,11450,15626,247,247,1091,0,1
1524608814069,1148,HTTP Request,200,OK,Thread Group 1-382,text,true,,11450,15617,246,246,1148,0,0
1524608813767,1450,HTTP Request,200,OK,Thread Group 1-233,text,true,,11450,15632,246,246,1450,0,0
1524608814139,1082,HTTP Request,200,OK,Thread Group 1-422,text,true,,11450,15638,244,244,1082,0,1
1524608814137,1092,HTTP Request,200,OK,Thread Group 1-421,text,true,,11450,15635,243,243,1092,0,1
1524608813739,1508,HTTP Request,200,OK,Thread Group 1-219,text,true,,11450,15617,242,242,1508,0,3
1524608814135,1112,HTTP Request,200,OK,Thread Group 1-420,text,true,,11450,15629,242,242,1112,0,1
1524608814070,1179,HTTP Request,200,OK,Thread Group 1-383,text,true,,11450,15635,240,240,1179,0,1
1524608814108,1149,HTTP Request,200,OK,Thread Group 1-401,text,true,,11450,15629,239,239,1149,0,0
1524608814149,1111,HTTP Request,200,OK,Thread Group 1-427,text,true,,11450,15620,238,238,1111,0,1
1524608814151,1109,HTTP Request,200,OK,Thread Group 1-428,text,true,,11450,15647,237,237,1109,0,1
1524608814147,1129,HTTP Request,200,OK,Thread Group 1-426,text,true,,11450,15617,236,236,1129,0,1
1524608813763,1515,HTTP Request,200,OK,Thread Group 1-231,text,true,,11450,15632,235,235,1515,0,0
1524608813741,1538,HTTP Request,200,OK,Thread Group 1-220,text,true,,11450,15647,234,234,1538,0,1
1524608814163,1122,HTTP Request,200,OK,Thread Group 1-434,text,true,,11450,15635,233,233,1122,0,1
1524608814083,1207,HTTP Request,200,OK,Thread Group 1-389,text,true,,11450,15644,232,232,1207,0,1
1524608814161,1136,HTTP Request,200,OK,Thread Group 1-433,text,true,,11450,15638,231,231,1136,0,0
1524608814159,1139,HTTP Request,200,OK,Thread Group 1-432,text,true,,11450,15635,230,230,1139,0,1
1524608814081,1229,HTTP Request,200,OK,Thread Group 1-388,text,true,,11450,15638,229,229,1229,0,1
1524608813715,1597,HTTP Request,200,OK,Thread Group 1-207,text,true,,11450,15647,228,228,1597,0,1
1524608814096,1226,HTTP Request,200,OK,Thread Group 1-395,text,true,,11450,15623,227,227,1226,0,0
1524608814172,1155,HTTP Request,200,OK,Thread Group 1-438,text,true,,11450,15632,226,226,1155,0,1
1524608814176,1152,HTTP Request,200,OK,Thread Group 1-440,text,true,,11450,15629,225,225,1152,0,1
1524608814173,1156,HTTP Request,200,OK,Thread Group 1-439,text,true,,11450,15647,224,224,1156,0,1
1524608814080,1267,HTTP Request,200,OK,Thread Group 1-387,text,true,,11450,15617,223,223,1267,0,1
1524608814095,1252,HTTP Request,200,OK,Thread Group 1-394,text,true,,11450,15632,222,222,1252,0,1
1524608813904,1446,HTTP Request,200,OK,Thread Group 1-307,text,true,,11450,15647,221,221,1446,0,501
1524608813898,1453,HTTP Request,200,OK,Thread Group 1-298,text,true,,11450,15626,220,220,1453,0,501
1524608814074,1277,HTTP Request,200,OK,Thread Group 1-381,text,true,,11450,15620,219,219,1277,0,0
1524608813901,1461,HTTP Request,200,OK,Thread Group 1-299,text,true,,11450,15635,218,218,1461,0,500
1524608814093,1277,HTTP Request,200,OK,Thread Group 1-393,text,true,,11450,15647,217,217,1277,0,2
1524608813915,1468,HTTP Request,200,OK,Thread Group 1-312,text,true,,11450,15623,216,216,1468,0,501
1524608814132,1251,HTTP Request,200,OK,Thread Group 1-413,text,true,,11450,15629,215,215,1251,0,1
1524608814156,1228,HTTP Request,200,OK,Thread Group 1-424,text,true,,11450,15629,214,214,1228,0,0
1524608813913,1483,HTTP Request,200,OK,Thread Group 1-305,text,true,,11450,15635,213,213,1483,0,500
1524608813911,1488,HTTP Request,200,OK,Thread Group 1-304,text,true,,11450,15629,212,212,1488,0,500
1524608814141,1266,HTTP Request,200,OK,Thread Group 1-417,text,true,,11450,15638,211,211,1266,0,0
1524608814130,1286,HTTP Request,200,OK,Thread Group 1-412,text,true,,11450,15629,210,210,1286,0,1
1524608814120,1298,HTTP Request,200,OK,Thread Group 1-407,text,true,,11450,15647,209,209,1298,0,1
1524608813927,1494,HTTP Request,200,OK,Thread Group 1-318,text,true,,11450,15635,208,208,1494,0,502
1524608813925,1496,HTTP Request,200,OK,Thread Group 1-311,text,true,,11450,15629,207,207,1496,0,500
1524608813923,1513,HTTP Request,200,OK,Thread Group 1-310,text,true,,11450,15629,206,206,1513,0,501
1524608814128,1316,HTTP Request,200,OK,Thread Group 1-411,text,true,,11450,15623,205,205,1316,0,1
1524608813779,1666,HTTP Request,200,OK,Thread Group 1-239,text,true,,11450,15617,204,204,1666,0,0
1524608814118,1334,HTTP Request,200,OK,Thread Group 1-406,text,true,,11450,15617,203,203,1334,0,0
1524608813938,1526,HTTP Request,200,OK,Thread Group 1-317,text,true,,11450,15647,202,202,1526,0,501
1524608813940,1527,HTTP Request,200,OK,Thread Group 1-324,text,true,,11450,15617,201,201,1527,0,501
1524608813936,1532,HTTP Request,200,OK,Thread Group 1-316,text,true,,11450,15626,200,200,1532,0,500
1524608814105,1363,HTTP Request,200,OK,Thread Group 1-400,text,true,,11450,15635,199,199,1363,0,1
1524608814116,1355,HTTP Request,200,OK,Thread Group 1-405,text,true,,11450,15638,198,198,1355,0,0
1524608813951,1540,HTTP Request,200,OK,Thread Group 1-330,text,true,,11450,15620,197,197,1540,0,502
1524608814170,1321,HTTP Request,200,OK,Thread Group 1-431,text,true,,11450,15626,197,197,1321,0,1
1524608813949,1545,HTTP Request,200,OK,Thread Group 1-323,text,true,,11450,15641,195,195,1545,0,501
1524608814153,1350,HTTP Request,200,OK,Thread Group 1-423,text,true,,11450,15635,194,194,1350,0,0
1524608814142,1361,HTTP Request,200,OK,Thread Group 1-418,text,true,,11450,15632,194,194,1361,0,1
1524608813947,1559,HTTP Request,200,OK,Thread Group 1-322,text,true,,11450,15623,192,192,1559,0,501
1524608813933,1582,HTTP Request,200,OK,Thread Group 1-315,text,true,,11450,15638,191,191,1582,0,501
1524608813960,1561,HTTP Request,200,OK,Thread Group 1-329,text,true,,11450,15638,190,190,1561,0,501
1524608813964,1559,HTTP Request,200,OK,Thread Group 1-336,text,true,,11450,15620,189,189,1559,0,500
1524608814180,1355,HTTP Request,200,OK,Thread Group 1-436,text,true,,11450,15629,188,188,1355,0,0
1524608813960,1575,HTTP Request,200,OK,Thread Group 1-328,text,true,,11450,15632,188,188,1575,0,500
1524608814178,1362,HTTP Request,200,OK,Thread Group 1-435,text,true,,11450,15617,186,186,1362,0,0
1524608813920,1624,HTTP Request,200,OK,Thread Group 1-309,text,true,,11450,15629,185,185,1624,0,501
1524608813976,1573,HTTP Request,200,OK,Thread Group 1-342,text,true,,11450,15626,184,184,1573,0,501
1524608813973,1580,HTTP Request,200,OK,Thread Group 1-335,text,true,,11450,15623,183,183,1580,0,501
1524608813971,1590,HTTP Request,200,OK,Thread Group 1-334,text,true,,11450,15617,182,182,1590,0,501
1524608813986,1594,HTTP Request,200,OK,Thread Group 1-341,text,true,,11450,15623,181,181,1594,0,500
1524608814145,1438,HTTP Request,200,OK,Thread Group 1-419,text,true,,11450,15641,180,180,1437,0,0
1524608813988,1598,HTTP Request,200,OK,Thread Group 1-348,text,true,,11450,15641,179,179,1598,0,501
1524608813983,1604,HTTP Request,200,OK,Thread Group 1-340,text,true,,11450,15641,178,178,1604,0,501
1524608814168,1427,HTTP Request,200,OK,Thread Group 1-430,text,true,,11450,15632,177,177,1427,0,0
1524608814166,1439,HTTP Request,200,OK,Thread Group 1-429,text,true,,11450,15638,176,176,1439,0,0
1524608813998,1612,HTTP Request,200,OK,Thread Group 1-347,text,true,,11450,15629,175,175,1612,0,501
1524608813995,1622,HTTP Request,200,OK,Thread Group 1-346,text,true,,11450,15626,174,174,1622,0,501
1524608814000,1621,HTTP Request,200,OK,Thread Group 1-354,text,true,,11450,15641,173,173,1621,0,501
1524608814182,1439,HTTP Request,200,OK,Thread Group 1-437,text,true,,11450,15617,173,173,1439,0,0
1524608814103,1532,HTTP Request,200,OK,Thread Group 1-399,text,true,,11450,15638,171,171,1532,0,1
1524608813919,1722,HTTP Request,200,OK,Thread Group 1-314,text,true,,11450,15623,170,170,1722,0,501
1524608814009,1637,HTTP Request,200,OK,Thread Group 1-353,text,true,,11450,15629,169,169,1637,0,501
1524608814011,1635,HTTP Request,200,OK,Thread Group 1-359,text,true,,11450,15647,169,169,1635,0,501
1524608814008,1638,HTTP Request,200,OK,Thread Group 1-352,text,true,,11450,15647,167,167,1638,0,501
1524608813908,1749,HTTP Request,200,OK,Thread Group 1-303,text,true,,11450,15632,166,166,1749,0,502
1524608813902,1763,HTTP Request,200,OK,Thread Group 1-306,text,true,,11450,15629,165,165,1763,0,503
1524608813943,1723,HTTP Request,200,OK,Thread Group 1-325,text,true,,11450,15629,164,164,1723,0,500
1524608814241,1427,HTTP Request,200,OK,Thread Group 1-466,text,true,,11450,15647,163,163,1427,0,501
1524608814246,1429,HTTP Request,200,OK,Thread Group 1-474,text,true,,11450,15635,162,162,1429,0,501
1524608814243,1434,HTTP Request,200,OK,Thread Group 1-467,text,true,,11450,15617,161,161,1434,0,501
1524608813931,1762,HTTP Request,200,OK,Thread Group 1-320,text,true,,11450,15644,160,160,1762,0,501
1524608813917,1782,HTTP Request,200,OK,Thread Group 1-313,text,true,,11450,15620,159,159,1782,0,501
1524608814256,1444,HTTP Request,200,OK,Thread Group 1-473,text,true,,11450,15638,158,158,1444,0,500
1524608814258,1442,HTTP Request,200,OK,Thread Group 1-480,text,true,,11450,15617,157,157,1442,0,501
1524608814253,1450,HTTP Request,200,OK,Thread Group 1-472,text,true,,11450,15620,156,156,1450,0,501
1524608814158,1547,HTTP Request,200,OK,Thread Group 1-425,text,true,,11450,15635,155,155,1547,0,0
1524608813955,1765,HTTP Request,200,OK,Thread Group 1-331,text,true,,11450,15626,154,154,1764,0,501
1524608814270,1456,HTTP Request,200,OK,Thread Group 1-486,text,true,,11450,15638,153,153,1456,0,501
1524608814268,1463,HTTP Request,200,OK,Thread Group 1-479,text,true,,11450,15623,152,152,1463,0,501
1524608813956,1782,HTTP Request,200,OK,Thread Group 1-332,text,true,,11450,15644,151,151,1782,0,500
1524608814265,1473,HTTP Request,200,OK,Thread Group 1-478,text,true,,11450,15644,151,151,1473,0,501
1524608813994,1753,HTTP Request,200,OK,Thread Group 1-350,text,true,,11450,15638,149,149,1753,0,501
1524608813906,1842,HTTP Request,200,OK,Thread Group 1-308,text,true,,11450,15623,148,148,1842,0,502
1524608814278,1480,HTTP Request,200,OK,Thread Group 1-489,text,true,,11450,15629,147,147,1480,0,502
1524608814281,1477,HTTP Request,200,OK,Thread Group 1-491,text,true,,11450,15617,147,147,1477,0,500
1524608814278,1490,HTTP Request,200,OK,Thread Group 1-484,text,true,,11450,15623,145,145,1490,0,501
1524608813966,1812,HTTP Request,200,OK,Thread Group 1-337,text,true,,11450,15647,144,144,1812,0,501
1524608814249,1534,HTTP Request,200,OK,Thread Group 1-475,text,true,,11450,15626,143,143,1534,0,503
1524608813993,1793,HTTP Request,200,OK,Thread Group 1-345,text,true,,11450,15623,142,142,1793,0,501
1524608814285,1504,HTTP Request,200,OK,Thread Group 1-493,text,true,,11450,15623,141,141,1504,0,501
1524608813785,2005,HTTP Request,200,OK,Thread Group 1-248,text,true,,11450,15620,140,140,2005,0,1001
1524608814283,1524,HTTP Request,200,OK,Thread Group 1-492,text,true,,11450,15635,139,139,1524,0,502
1524608814002,1807,HTTP Request,200,OK,Thread Group 1-355,text,true,,11450,15623,138,138,1807,0,501
1524608814005,1805,HTTP Request,200,OK,Thread Group 1-356,text,true,,11450,15632,137,137,1805,0,502
1524608813981,1836,HTTP Request,200,OK,Thread Group 1-344,text,true,,11450,15629,136,136,1836,0,500
1524608813793,2027,HTTP Request,200,OK,Thread Group 1-244,text,true,,11450,15620,135,135,2026,0,1000
1524608813793,2034,HTTP Request,200,OK,Thread Group 1-252,text,true,,11450,15638,134,134,2034,0,1000
1524608814013,1823,HTTP Request,200,OK,Thread Group 1-360,text,true,,11450,15623,133,133,1823,0,500
1524608813981,1856,HTTP Request,200,OK,Thread Group 1-339,text,true,,11450,15644,132,132,1856,0,500
1524608813799,2047,HTTP Request,200,OK,Thread Group 1-249,text,true,,11450,15644,131,131,2047,0,1000
1524608813792,2056,HTTP Request,200,OK,Thread Group 1-245,text,true,,11450,15632,130,130,2056,0,1001
1524608813968,1880,HTTP Request,200,OK,Thread Group 1-338,text,true,,11450,15626,130,130,1880,0,501
1524608814298,1550,HTTP Request,200,OK,Thread Group 1-500,text,true,,11450,15617,130,130,1550,0,501
1524608813990,1872,HTTP Request,200,OK,Thread Group 1-349,text,true,,11450,15635,127,127,1872,0,501
1524608814263,1604,HTTP Request,200,OK,Thread Group 1-477,text,true,,11450,15623,126,126,1604,0,501
1524608814305,1565,HTTP Request,200,OK,Thread Group 1-497,text,true,,11450,15635,125,125,1565,0,501
1524608813798,2073,HTTP Request,200,OK,Thread Group 1-254,text,true,,11450,15629,124,124,2073,0,1000
1524608813806,2077,HTTP Request,200,OK,Thread Group 1-258,text,true,,11450,15617,123,123,2077,0,1000
1524608814274,1612,HTTP Request,200,OK,Thread Group 1-488,text,true,,11450,15647,122,122,1612,0,501
1524608813804,2091,HTTP Request,200,OK,Thread Group 1-251,text,true,,11450,15629,121,121,2091,0,1000
1524608814028,1872,HTTP Request,200,OK,Thread Group 1-367,text,true,,11450,15620,120,120,1872,0,1001
1524608813978,1923,HTTP Request,200,OK,Thread Group 1-343,text,true,,11450,15644,119,119,1923,0,500
1524608814018,1883,HTTP Request,200,OK,Thread Group 1-357,text,true,,11450,15635,119,119,1883,0,500
1524608814029,1886,HTTP Request,200,OK,Thread Group 1-363,text,true,,11450,15638,117,117,1886,0,1001
1524608814249,1669,HTTP Request,200,OK,Thread Group 1-476,text,true,,11450,15641,116,116,1669,0,503
1524608814025,1901,HTTP Request,200,OK,Thread Group 1-366,text,true,,11450,15647,115,115,1901,0,1001
1524608813929,1997,HTTP Request,200,OK,Thread Group 1-319,text,true,,11450,15620,115,115,1997,0,501
1524608813947,1988,HTTP Request,200,OK,Thread Group 1-321,text,true,,11450,15617,113,113,1988,0,501
1524608814041,1895,HTTP Request,200,OK,Thread Group 1-369,text,true,,11450,15644,112,112,1895,0,1001
1524608814040,1906,HTTP Request,200,OK,Thread Group 1-373,text,true,,11450,15617,111,111,1906,0,1002
1524608814262,1686,HTTP Request,200,OK,Thread Group 1-482,text,true,,11450,15617,110,110,1686,0,501
1524608814037,1916,HTTP Request,200,OK,Thread Group 1-372,text,true,,11450,15641,109,109,1915,0,1002
1524608813943,2012,HTTP Request,200,OK,Thread Group 1-326,text,true,,11450,15635,108,108,2012,0,500
1524608814053,1913,HTTP Request,200,OK,Thread Group 1-379,text,true,,11450,15620,107,107,1913,0,1002
1524608813960,2011,HTTP Request,200,OK,Thread Group 1-327,text,true,,11450,15623,106,106,2011,0,500
1524608814005,1973,HTTP Request,200,OK,Thread Group 1-351,text,true,,11450,15638,105,105,1973,0,501
1524608814054,1933,HTTP Request,200,OK,Thread Group 1-380,text,true,,11450,15629,104,104,1933,0,1001
1524608814187,1803,HTTP Request,200,OK,Thread Group 1-445,text,true,,11450,15626,103,103,1803,0,1001
1524608814051,1940,HTTP Request,200,OK,Thread Group 1-378,text,true,,11450,15617,102,102,1940,0,1002
1524608814252,1752,HTTP Request,200,OK,Thread Group 1-471,text,true,,11450,15632,101,101,1752,0,500
1524608813969,2040,HTTP Request,200,OK,Thread Group 1-333,text,true,,11450,15632,100,100,2040,0,501
1524608814189,1826,HTTP Request,200,OK,Thread Group 1-446,text,true,,11450,15644,99,99,1826,0,1001
1524608814197,1821,HTTP Request,200,OK,Thread Group 1-450,text,true,,11450,15620,98,98,1821,0,1001
1524608814199,1821,HTTP Request,200,OK,Thread Group 1-451,text,true,,11450,15623,97,97,1821,0,1001
1524608814015,2009,HTTP Request,200,OK,Thread Group 1-361,text,true,,11450,15623,96,96,2009,0,501
1524608814260,1776,HTTP Request,200,OK,Thread Group 1-481,text,true,,11450,15644,95,95,1776,0,501
1524608814202,1843,HTTP Request,200,OK,Thread Group 1-447,text,true,,11450,15641,94,94,1843,0,1001
1524608814290,1758,HTTP Request,200,OK,Thread Group 1-490,text,true,,11450,15623,93,93,1758,0,501
1524608814185,1866,HTTP Request,200,OK,Thread Group 1-444,text,true,,11450,15647,92,92,1866,0,1001
1524608814212,1839,HTTP Request,200,OK,Thread Group 1-457,text,true,,11450,15635,91,91,1839,0,1001
1524608814295,1770,HTTP Request,200,OK,Thread Group 1-498,text,true,,11450,15641,90,90,1770,0,501
1524608814272,1795,HTTP Request,200,OK,Thread Group 1-487,text,true,,11450,15647,89,89,1795,0,501
1524608814214,1860,HTTP Request,200,OK,Thread Group 1-458,text,true,,11450,15623,88,88,1860,0,1001
1524608814209,1877,HTTP Request,200,OK,Thread Group 1-456,text,true,,11450,15617,87,87,1877,0,1001
1524608814223,1875,HTTP Request,200,OK,Thread Group 1-463,text,true,,11450,15641,86,86,1875,0,1001
1524608813782,2320,HTTP Request,200,OK,Thread Group 1-246,text,true,,11450,15647,85,85,2320,0,1001
1524608814297,1805,HTTP Request,200,OK,Thread Group 1-499,text,true,,11450,15629,84,84,1805,0,500
1524608814030,2083,HTTP Request,200,OK,Thread Group 1-368,text,true,,11450,15620,83,83,2083,0,1001
1524608814221,1893,HTTP Request,200,OK,Thread Group 1-462,text,true,,11450,15647,82,82,1893,0,1002
1524608814226,1889,HTTP Request,200,OK,Thread Group 1-464,text,true,,11450,15641,81,81,1889,0,1001
1524608814236,1888,HTTP Request,200,OK,Thread Group 1-469,text,true,,11450,15647,80,80,1888,0,1001
1524608814287,1849,HTTP Request,200,OK,Thread Group 1-494,text,true,,11450,15641,79,79,1849,0,502
1524608813783,2357,HTTP Request,200,OK,Thread Group 1-247,text,true,,11450,15623,78,78,2357,0,1001
1524608814054,2094,HTTP Request,200,OK,Thread Group 1-375,text,true,,11450,15626,77,77,2094,0,1002
1524608813820,2334,HTTP Request,200,OK,Thread Group 1-265,text,true,,11450,15644,76,76,2334,0,1501
1524608814238,1923,HTTP Request,200,OK,Thread Group 1-470,text,true,,11450,15647,75,75,1923,0,1001
1524608814233,1928,HTTP Request,200,OK,Thread Group 1-468,text,true,,11450,15635,74,74,1928,0,1001
1524608814300,1863,HTTP Request,200,OK,Thread Group 1-495,text,true,,11450,15617,73,73,1863,0,501
1524608814303,1866,HTTP Request,200,OK,Thread Group 1-496,text,true,,11450,15617,72,72,1866,0,501
1524608813795,2385,HTTP Request,200,OK,Thread Group 1-253,text,true,,11450,15635,71,71,2385,0,1000
1524608813818,2365,HTTP Request,200,OK,Thread Group 1-264,text,true,,11450,15647,70,70,2365,0,1503
1524608813822,2361,HTTP Request,200,OK,Thread Group 1-266,text,true,,11450,15626,70,70,2361,0,1501
1524608813831,2357,HTTP Request,200,OK,Thread Group 1-271,text,true,,11450,15647,68,68,2356,0,1501
1524608814056,2141,HTTP Request,200,OK,Thread Group 1-376,text,true,,11450,15647,67,67,2141,0,1002
1524608814048,2149,HTTP Request,200,OK,Thread Group 1-371,text,true,,11450,15617,67,67,2149,0,1001
1524608814042,2165,HTTP Request,200,OK,Thread Group 1-374,text,true,,11450,15644,65,65,2165,0,1003
1524608813833,2374,HTTP Request,200,OK,Thread Group 1-272,text,true,,11450,15626,65,65,2374,0,1501
1524608813829,2378,HTTP Request,200,OK,Thread Group 1-270,text,true,,11450,15629,63,63,2378,0,1502
1524608813843,2370,HTTP Request,200,OK,Thread Group 1-277,text,true,,11450,15647,62,62,2370,0,1502
1524608814033,2187,HTTP Request,200,OK,Thread Group 1-365,text,true,,11450,15644,61,61,2187,0,1002
1524608814043,2186,HTTP Request,200,OK,Thread Group 1-370,text,true,,11450,15647,60,60,2186,0,1002
1524608813841,2394,HTTP Request,200,OK,Thread Group 1-276,text,true,,11450,15638,59,59,2394,0,1502
1524608813855,2381,HTTP Request,200,OK,Thread Group 1-283,text,true,,11450,15641,58,58,2381,0,1503
1524608813845,2392,HTTP Request,200,OK,Thread Group 1-278,text,true,,11450,15647,57,57,2392,0,1502
1524608813807,2435,HTTP Request,200,OK,Thread Group 1-259,text,true,,11450,15647,56,56,2435,0,1000
1524608814195,2057,HTTP Request,200,OK,Thread Group 1-443,text,true,,11450,15635,55,55,2057,0,1000
1524608814204,2051,HTTP Request,200,OK,Thread Group 1-448,text,true,,11450,15626,54,54,2051,0,1001
1524608813853,2409,HTTP Request,200,OK,Thread Group 1-282,text,true,,11450,15638,53,53,2409,0,1502
1524608813857,2410,HTTP Request,200,OK,Thread Group 1-284,text,true,,11450,15620,52,52,2410,0,1503
1524608813868,2403,HTTP Request,200,OK,Thread Group 1-289,text,true,,11450,15629,51,51,2403,0,1503
1524608813801,2474,HTTP Request,200,OK,Thread Group 1-250,text,true,,11450,15647,50,50,2474,0,1000
1524608814057,2230,HTTP Request,200,OK,Thread Group 1-377,text,true,,11450,15629,49,49,2230,0,1001
1524608814193,2098,HTTP Request,200,OK,Thread Group 1-442,text,true,,11450,15635,48,48,2098,0,1001
1524608813866,2427,HTTP Request,200,OK,Thread Group 1-288,text,true,,11450,15638,47,47,2427,0,1501
1524608813880,2418,HTTP Request,200,OK,Thread Group 1-295,text,true,,11450,15638,46,46,2418,0,1502
1524608813870,2435,HTTP Request,200,OK,Thread Group 1-290,text,true,,11450,15632,45,45,2435,0,1503
1524608814281,2028,HTTP Request,200,OK,Thread Group 1-485,text,true,,11450,15635,44,44,2028,0,500
1524608813810,2508,HTTP Request,200,OK,Thread Group 1-260,text,true,,11450,15641,43,43,2508,0,1001
1524608813812,2506,HTTP Request,200,OK,Thread Group 1-255,text,true,,11450,15617,43,43,2506,0,1000
1524608813878,2443,HTTP Request,200,OK,Thread Group 1-294,text,true,,11450,15617,41,41,2443,0,1501
1524608813892,2435,HTTP Request,200,OK,Thread Group 1-301,text,true,,11450,15629,40,40,2435,0,1501
1524608813894,2443,HTTP Request,200,OK,Thread Group 1-302,text,true,,11450,15626,39,39,2443,0,1502
1524608813787,2551,HTTP Request,200,OK,Thread Group 1-243,text,true,,11450,15635,38,38,2551,0,1000
1524608813890,2457,HTTP Request,200,OK,Thread Group 1-300,text,true,,11450,15641,37,37,2457,0,1501
1524608814031,2320,HTTP Request,200,OK,Thread Group 1-364,text,true,,11450,15623,36,36,2320,0,1001
1524608814276,2075,HTTP Request,200,OK,Thread Group 1-483,text,true,,11450,15620,36,36,2075,0,501
1524608813883,2479,HTTP Request,200,OK,Thread Group 1-296,text,true,,11450,15638,34,34,2479,0,1501
1524608814190,2172,HTTP Request,200,OK,Thread Group 1-441,text,true,,11450,15635,34,34,2172,0,1003
1524608814217,2153,HTTP Request,200,OK,Thread Group 1-454,text,true,,11450,15641,32,32,2153,0,1001
1524608813888,2485,HTTP Request,200,OK,Thread Group 1-293,text,true,,11450,15626,31,31,2485,0,1503
1524608814215,2164,HTTP Request,200,OK,Thread Group 1-453,text,true,,11450,15632,30,30,2164,0,1001
1524608814206,2183,HTTP Request,200,OK,Thread Group 1-449,text,true,,11450,15620,29,29,2183,0,1001
1524608813813,2576,HTTP Request,200,OK,Thread Group 1-256,text,true,,11450,15641,29,29,2576,0,1508
1524608814201,2195,HTTP Request,200,OK,Thread Group 1-452,text,true,,11450,15647,27,27,2195,0,1003
1524608814219,2186,HTTP Request,200,OK,Thread Group 1-455,text,true,,11450,15647,26,26,2186,0,1001
1524608813827,2578,HTTP Request,200,OK,Thread Group 1-262,text,true,,11450,15623,26,26,2578,0,1503
1524608814227,2185,HTTP Request,200,OK,Thread Group 1-459,text,true,,11450,15635,24,24,2185,0,1001
1524608813849,2572,HTTP Request,200,OK,Thread Group 1-274,text,true,,11450,15638,23,23,2572,0,1504
1524608814229,2195,HTTP Request,200,OK,Thread Group 1-460,text,true,,11450,15635,22,22,2195,0,1001
1524608813873,2560,HTTP Request,200,OK,Thread Group 1-285,text,true,,11450,15638,21,21,2560,0,1502
1524608813827,2614,HTTP Request,200,OK,Thread Group 1-263,text,true,,11450,15647,20,20,2614,0,1503
1524608813886,2563,HTTP Request,200,OK,Thread Group 1-291,text,true,,11450,15626,19,19,2563,0,1501
1524608813896,2562,HTTP Request,200,OK,Thread Group 1-297,text,true,,11450,15626,18,18,2562,0,1502
1524608814231,2232,HTTP Request,200,OK,Thread Group 1-461,text,true,,11450,15635,17,17,2232,0,1001
1524608813837,2635,HTTP Request,200,OK,Thread Group 1-268,text,true,,11450,15626,16,16,2635,0,1501
1524608813864,2619,HTTP Request,200,OK,Thread Group 1-281,text,true,,11450,15626,15,15,2619,0,1501
1524608813859,2627,HTTP Request,200,OK,Thread Group 1-279,text,true,,11450,15626,14,14,2627,0,1503
1524608813852,2647,HTTP Request,200,OK,Thread Group 1-275,text,true,,11450,15641,13,13,2647,0,1500
1524608813875,2631,HTTP Request,200,OK,Thread Group 1-287,text,true,,11450,15632,12,12,2631,0,1503
1524608813836,2676,HTTP Request,200,OK,Thread Group 1-267,text,true,,11450,15641,11,11,2676,0,1501
1524608814017,2507,HTTP Request,200,OK,Thread Group 1-362,text,true,,11450,15629,10,10,2507,0,1502
1524608813815,2715,HTTP Request,200,OK,Thread Group 1-257,text,true,,11450,15647,9,9,2715,0,1506
1524608813886,2652,HTTP Request,200,OK,Thread Group 1-292,text,true,,11450,15617,8,8,2652,0,1501
1524608813862,2688,HTTP Request,200,OK,Thread Group 1-280,text,true,,11450,15626,7,7,2688,0,1503
1524608814018,2534,HTTP Request,200,OK,Thread Group 1-358,text,true,,11450,15629,6,6,2534,0,1502
1524608813824,2737,HTTP Request,200,OK,Thread Group 1-261,text,true,,11450,15647,5,5,2736,0,1501
1524608813873,2714,HTTP Request,200,OK,Thread Group 1-286,text,true,,11450,15644,4,4,2713,0,1503
1524608813839,2748,HTTP Request,200,OK,Thread Group 1-269,text,true,,11450,15644,3,3,2748,0,1502
1524608813847,2743,HTTP Request,200,OK,Thread Group 1-273,text,true,,11450,15620,2,2,2743,0,1502
1524608814239,2364,HTTP Request,200,OK,Thread Group 1-465,text,true,,11450,15626,1,1,2364,0,1001
